Provider,URL,By-Creator,Link-Valid
OpenAI,https://openai.com/api/pricing/,Yes,111224
Claude (Anthropic),https://www.anthropic.com/pricing#anthropic-api,Yes,111224
Mistral AI,https://mistral.ai/technology/#pricing,Yes,111224
Cohere,https://cohere.com/pricing,Yes,111224
Llama API,https://www.llama-api.com/pricing,No,111224
Gemini API,https://ai.google.dev/pricing#1_5flash,Yes,111224
A121labs,https://www.ai21.com/pricing,Yes,111224
Perplexity,https://docs.perplexity.ai/guides/pricing,Yes,111224
 ,,,
